threshold,sem_avg_returned,sem_empty_answerable,sem_hit,sem_recall,sem_precision,unans_abstained,unans_total,hyb_hit,hyb_hit1,hyb_mrr,hyb_recall
0.0,20.0,0,1.0,1.0,0.10714285714285711,0,6,1.0,0.8392857142857143,0.9077380952380952,1.0
0.01,20.0,0,1.0,1.0,0.10714285714285711,0,6,1.0,0.8392857142857143,0.9077380952380952,1.0
0.02,19.982142857142858,0,1.0,1.0,0.10718984962406011,0,6,1.0,0.8392857142857143,0.9077380952380952,1.0
0.03,19.982142857142858,0,1.0,1.0,0.10718984962406011,0,6,1.0,0.8392857142857143,0.9077380952380952,1.0
0.04,19.857142857142858,0,1.0,1.0,0.10763981031008892,0,6,1.0,0.8392857142857143,0.9077380952380952,1.0
0.05,19.678571428571427,0,1.0,1.0,0.10855258770174733,0,6,1.0,0.8392857142857143,0.9077380952380952,1.0
0.06,19.375,0,1.0,1.0,0.1099227886621462,0,6,1.0,0.8392857142857143,0.9077380952380952,1.0
0.07,19.017857142857142,0,1.0,1.0,0.11299834327670458,0,6,1.0,0.8392857142857143,0.9077380952380952,1.0
0.08,18.625,0,1.0,1.0,0.11547672275571985,0,6,1.0,0.8392857142857143,0.9077380952380952,1.0
0.09,18.25,0,1.0,1.0,0.11780118324166862,0,6,1.0,0.8392857142857143,0.9077380952380952,1.0
0.1,17.767857142857142,0,1.0,1.0,0.12430854173653262,0,6,1.0,0.8392857142857143,0.9077380952380952,1.0
0.11,17.125,0,1.0,1.0,0.13027062576349394,0,6,1.0,0.8392857142857143,0.9077380952380952,1.0
0.12,16.589285714285715,0,1.0,1.0,0.13729062337117395,0,6,1.0,0.8392857142857143,0.9077380952380952,1.0
0.13,16.089285714285715,0,1.0,1.0,0.1442526043511503,0,6,1.0,0.8392857142857143,0.9077380952380952,1.0
0.14,15.357142857142858,0,1.0,0.9910714285714286,0.15744963732026968,0,6,1.0,0.8392857142857143,0.9077380952380952,1.0
0.15,14.571428571428571,0,0.9821428571428571,0.9672619047619049,0.16667694896631202,0,6,1.0,0.8392857142857143,0.9047619047619048,1.0
0.16,13.892857142857142,0,0.9821428571428571,0.9636904761904762,0.1859246764280487,0,6,1.0,0.8392857142857143,0.9077380952380952,1.0
0.17,13.285714285714286,0,0.9821428571428571,0.9636904761904762,0.20105044118616644,0,6,1.0,0.8392857142857143,0.9077380952380952,1.0
0.18,12.732142857142858,0,0.9821428571428571,0.9636904761904762,0.22437144507232404,0,6,1.0,0.8392857142857143,0.9077380952380952,1.0
0.19,12.232142857142858,1,0.9821428571428571,0.9547619047619048,0.23280576375496154,0,6,1.0,0.8571428571428571,0.9166666666666667,1.0
0.2,11.767857142857142,1,0.9821428571428571,0.9488095238095239,0.24464402494025347,0,6,1.0,0.8571428571428571,0.9166666666666667,1.0
0.21,11.089285714285714,1,0.9821428571428571,0.9452380952380953,0.26762933098424224,0,6,1.0,0.8571428571428571,0.9166666666666667,1.0
0.22,10.625,1,0.9642857142857143,0.9327380952380953,0.2820090488208979,0,6,1.0,0.8571428571428571,0.9113095238095239,1.0
0.23,9.892857142857142,2,0.9285714285714286,0.9023809523809524,0.2818832696498675,0,6,1.0,0.8214285714285714,0.8904761904761905,1.0
0.24,9.535714285714286,3,0.9285714285714286,0.9023809523809524,0.2970701448080383,0,6,1.0,0.8392857142857143,0.8994047619047619,1.0
0.25,8.964285714285714,3,0.9285714285714286,0.8898809523809524,0.3053158873241821,0,6,1.0,0.8392857142857143,0.8994047619047619,0.9910714285714286
0.26,8.392857142857142,4,0.9107142857142857,0.8720238095238095,0.3183940120502396,1,6,1.0,0.8392857142857143,0.900297619047619,0.9910714285714286
0.27,7.946428571428571,4,0.9107142857142857,0.8720238095238095,0.33585722693992504,2,6,1.0,0.8392857142857143,0.900297619047619,0.9910714285714286
0.28,7.357142857142857,4,0.9107142857142857,0.8535714285714286,0.35787113015322103,2,6,1.0,0.8392857142857143,0.900297619047619,0.9910714285714286
0.29,6.839285714285714,4,0.9107142857142857,0.8327380952380953,0.38494228517969287,2,6,1.0,0.8571428571428571,0.9092261904761905,0.9910714285714286
0.3,6.107142857142857,4,0.875,0.7934523809523809,0.4130868765737187,2,6,1.0,0.8214285714285714,0.891504329004329,0.9910714285714286
0.31,5.714285714285714,5,0.875,0.7934523809523809,0.44409878047648943,2,6,1.0,0.8214285714285714,0.8931547619047618,0.9910714285714286
0.32,5.303571428571429,7,0.8571428571428571,0.7696428571428571,0.4928495689773885,2,6,1.0,0.8571428571428571,0.9112103174603174,0.9910714285714286
0.33,4.928571428571429,7,0.8571428571428571,0.7636904761904761,0.5084146862208088,2,6,1.0,0.8571428571428571,0.9117772108843537,0.9910714285714286
0.34,4.517857142857143,7,0.8392857142857143,0.7413690476190476,0.5333608335108935,4,6,1.0,0.8571428571428571,0.9104166666666667,0.9910714285714286
0.35,4.321428571428571,8,0.8214285714285714,0.7145833333333333,0.5306212068160596,4,6,1.0,0.8571428571428571,0.9104166666666667,0.9910714285714286
0.36,3.9642857142857144,10,0.8035714285714286,0.6931547619047619,0.562455032180096,4,6,1.0,0.875,0.9193452380952382,0.9910714285714286
0.37,3.625,10,0.8035714285714286,0.6732142857142858,0.575885889472846,4,6,1.0,0.875,0.9208333333333334,0.9910714285714286
0.38,3.267857142857143,10,0.8035714285714286,0.6553571428571429,0.6080839450404667,4,6,1.0,0.875,0.9209183673469388,0.9910714285714286
0.39,3.0714285714285716,12,0.7678571428571429,0.6151785714285715,0.5938049324412961,4,6,1.0,0.8571428571428571,0.9076236263736265,0.9910714285714286
0.4,2.857142857142857,13,0.7321428571428571,0.5705357142857143,0.584176676037141,4,6,1.0,0.8392857142857143,0.898695054945055,0.9910714285714286
0.41,2.5535714285714284,13,0.7142857142857143,0.5333333333333333,0.6147286821705424,4,6,1.0,0.8214285714285714,0.8897664835164836,0.9910714285714286
0.42,2.482142857142857,14,0.7142857142857143,0.5333333333333333,0.6339285714285713,4,6,1.0,0.8392857142857143,0.9016712454212454,0.9910714285714286
0.43,2.3035714285714284,18,0.6428571428571429,0.487202380952381,0.6134398496240602,5,6,1.0,0.8214285714285714,0.892742673992674,0.9910714285714286
0.44,2.1785714285714284,18,0.6428571428571429,0.48273809523809524,0.6251879699248121,5,6,1.0,0.8214285714285714,0.892742673992674,0.9910714285714286
0.45,1.9821428571428572,18,0.625,0.46488095238095234,0.6297448165869218,5,6,1.0,0.8035714285714286,0.8838141025641025,0.9910714285714286
0.46,1.8035714285714286,20,0.5892857142857143,0.43809523809523804,0.6422398589065255,5,6,1.0,0.8392857142857143,0.9016712454212454,0.9910714285714286
0.47,1.5,24,0.5178571428571429,0.3636904761904761,0.6626488095238096,5,6,1.0,0.8392857142857143,0.8972069597069597,0.9910714285714286
0.48,1.3392857142857142,27,0.48214285714285715,0.34732142857142856,0.7133825944170771,5,6,1.0,0.8214285714285714,0.8882783882783883,0.9910714285714286
0.49,1.2142857142857142,27,0.48214285714285715,0.3383928571428571,0.7311986863711001,5,6,1.0,0.8214285714285714,0.8882783882783883,0.9910714285714286
0.5,1.1071428571428572,29,0.44642857142857145,0.3169642857142857,0.7582010582010582,5,6,1.0,0.8214285714285714,0.8882783882783883,0.9910714285714286
0.51,0.9821428571428571,31,0.4107142857142857,0.28125,0.7621904761904762,6,6,1.0,0.8214285714285714,0.8882783882783883,0.9910714285714286
0.52,0.875,33,0.375,0.24107142857142858,0.758695652173913,6,6,1.0,0.8035714285714286,0.8763736263736265,0.9910714285714286
0.53,0.8214285714285714,34,0.375,0.24107142857142858,0.7962121212121211,6,6,1.0,0.8214285714285714,0.8867902930402931,0.9910714285714286
0.54,0.6964285714285714,38,0.30357142857142855,0.19642857142857145,0.7472222222222222,6,6,1.0,0.7857142857142857,0.8644688644688646,0.9910714285714286
0.55,0.6607142857142857,38,0.30357142857142855,0.19285714285714287,0.7583333333333333,6,6,1.0,0.7857142857142857,0.8644688644688646,0.9910714285714286
0.56,0.5178571428571429,42,0.23214285714285715,0.14910714285714285,0.7666666666666667,6,6,1.0,0.7857142857142857,0.8644688644688646,0.9910714285714286
0.57,0.4107142857142857,45,0.19642857142857142,0.1261904761904762,0.8393939393939395,6,6,1.0,0.8035714285714286,0.873397435897436,0.9910714285714286
0.58,0.39285714285714285,45,0.19642857142857142,0.1261904761904762,0.8545454545454546,6,6,1.0,0.8035714285714286,0.873397435897436,0.9910714285714286
0.59,0.30357142857142855,46,0.16071428571428573,0.09345238095238095,0.8,6,6,1.0,0.7857142857142857,0.8644688644688646,0.9910714285714286
0.6,0.26785714285714285,47,0.14285714285714285,0.08898809523809524,0.7962962962962963,6,6,1.0,0.7857142857142857,0.8644688644688646,0.9910714285714286
0.61,0.23214285714285715,48,0.125,0.07946428571428572,0.7708333333333333,6,6,1.0,0.7857142857142857,0.8644688644688646,0.9910714285714286
0.62,0.23214285714285715,48,0.125,0.07946428571428572,0.7708333333333333,6,6,1.0,0.7857142857142857,0.8644688644688646,0.9910714285714286
0.63,0.16071428571428573,50,0.07142857142857142,0.044642857142857144,0.5833333333333334,6,6,1.0,0.7678571428571429,0.8555402930402931,0.9910714285714286
0.64,0.16071428571428573,50,0.07142857142857142,0.044642857142857144,0.5833333333333334,6,6,1.0,0.7678571428571429,0.8555402930402931,0.9910714285714286
0.65,0.14285714285714285,50,0.07142857142857142,0.04017857142857143,0.5833333333333334,6,6,1.0,0.7678571428571429,0.8555402930402931,0.9910714285714286
0.66,0.125,50,0.05357142857142857,0.03125,0.5,6,6,1.0,0.7678571428571429,0.8555402930402931,0.9910714285714286
0.67,0.07142857142857142,53,0.03571428571428571,0.022321428571428572,0.6666666666666666,6,6,1.0,0.8035714285714286,0.873397435897436,0.9910714285714286
0.68,0.07142857142857142,53,0.03571428571428571,0.022321428571428572,0.6666666666666666,6,6,1.0,0.8035714285714286,0.873397435897436,0.9910714285714286
0.69,0.03571428571428571,54,0.017857142857142856,0.008928571428571428,0.5,6,6,1.0,0.7857142857142857,0.8644688644688646,0.9910714285714286
0.7,0.03571428571428571,54,0.017857142857142856,0.008928571428571428,0.5,6,6,1.0,0.7857142857142857,0.8644688644688646,0.9910714285714286
0.71,0.017857142857142856,55,0.017857142857142856,0.008928571428571428,1.0,6,6,1.0,0.8035714285714286,0.873397435897436,0.9910714285714286
0.72,0.0,56,0.0,0.0,nan,6,6,1.0,0.8035714285714286,0.873397435897436,0.9910714285714286
0.73,0.0,56,0.0,0.0,nan,6,6,1.0,0.8035714285714286,0.873397435897436,0.9910714285714286
0.74,0.0,56,0.0,0.0,nan,6,6,1.0,0.8035714285714286,0.873397435897436,0.9910714285714286
0.75,0.0,56,0.0,0.0,nan,6,6,1.0,0.8035714285714286,0.873397435897436,0.9910714285714286
0.76,0.0,56,0.0,0.0,nan,6,6,1.0,0.8035714285714286,0.873397435897436,0.9910714285714286
0.77,0.0,56,0.0,0.0,nan,6,6,1.0,0.8035714285714286,0.873397435897436,0.9910714285714286
0.78,0.0,56,0.0,0.0,nan,6,6,1.0,0.8035714285714286,0.873397435897436,0.9910714285714286
0.79,0.0,56,0.0,0.0,nan,6,6,1.0,0.8035714285714286,0.873397435897436,0.9910714285714286
0.8,0.0,56,0.0,0.0,nan,6,6,1.0,0.8035714285714286,0.873397435897436,0.9910714285714286
0.81,0.0,56,0.0,0.0,nan,6,6,1.0,0.8035714285714286,0.873397435897436,0.9910714285714286
0.82,0.0,56,0.0,0.0,nan,6,6,1.0,0.8035714285714286,0.873397435897436,0.9910714285714286
0.83,0.0,56,0.0,0.0,nan,6,6,1.0,0.8035714285714286,0.873397435897436,0.9910714285714286
0.84,0.0,56,0.0,0.0,nan,6,6,1.0,0.8035714285714286,0.873397435897436,0.9910714285714286
0.85,0.0,56,0.0,0.0,nan,6,6,1.0,0.8035714285714286,0.873397435897436,0.9910714285714286
0.86,0.0,56,0.0,0.0,nan,6,6,1.0,0.8035714285714286,0.873397435897436,0.9910714285714286
0.87,0.0,56,0.0,0.0,nan,6,6,1.0,0.8035714285714286,0.873397435897436,0.9910714285714286
0.88,0.0,56,0.0,0.0,nan,6,6,1.0,0.8035714285714286,0.873397435897436,0.9910714285714286
0.89,0.0,56,0.0,0.0,nan,6,6,1.0,0.8035714285714286,0.873397435897436,0.9910714285714286
0.9,0.0,56,0.0,0.0,nan,6,6,1.0,0.8035714285714286,0.873397435897436,0.9910714285714286
