chunk_id,file_id,content
2,47,"Planning the budget will be important because this holiday combines an international flight, several nights in Orlando, expensive theme park visits, a cruise, excursions, and a major birthday celebration. We should establish the approximate total budget before making too many optional bookings. The main costs will be flights, Orlando accommodation, transport, theme park tickets, cruise fares, food and drinks, excursions, travel insurance, birthday expenses, shopping, and general spending money. Flights from the UK to Orlando will probably be one of the largest initial expenses. We should compare different airlines and flight times rather than looking only at the cheapest ticket. A cheaper flight that arrives at an inconvenient time could result in needing an additional hotel night or expensive transport. We should also consider baggage allowances because we will need luggage for both the Orlando part of the trip and the cruise. If the airline charges separately for checked bags, that should be included when comparing prices."
3,47,"Accommodation in Orlando should be chosen based on location, price, facilities, and transport options. Staying closer to the theme parks could reduce travel time but may cost more. A hotel with a swimming pool and breakfast could be useful because it would give everyone somewhere to relax between activities. We should also check parking charges if we decide to rent a car. Resort fees and other additional hotel charges should be included in the final calculation rather than looking only at the advertised nightly rate. Theme park tickets are another major expense. We need to decide which parks we are actually going to visit before buying tickets. Buying access to more parks than we can realistically visit would waste money. We should compare single-day tickets with multi-day or combination tickets and check whether there are any restrictions on dates. If we want to use express or fast-access options at Universal or similar services at Disney, these costs need to be added to the budget."
4,47,"Transport needs to be planned for the entire holiday. The first journey will be from the airport to the Orlando hotel. We then need transport to Disney, Universal, restaurants, shopping areas, and eventually the cruise port. A rental car could provide flexibility but would introduce costs for the rental itself, fuel, parking, and insurance. Ride-sharing could be simpler for individual journeys, but multiple long journeys could become expensive. We should compare the estimated total cost of each option. The cruise price should be broken down carefully. Some food and entertainment will probably be included, while speciality restaurants, premium drinks, certain activities, internet packages, excursions, and other services may cost extra. We should identify which optional costs are likely to apply to our family. A daily spending allowance for the cruise could help prevent unexpected expenses. Excursions in Mexico and the Bahamas should have their own budget. Before booking, we should compare cruise excursions with independent tours and consider what is included in each price. An excursion advertised at a low price might exclude transportation, food, equipment, or entrance fees. We should calculate the full cost for the entire family before deciding."
5,47,"Mum's birthday should have a separate budget. We could allocate money for a special dinner, birthday cake, decorations, flowers, a present, and potentially a professional photograph. We should decide whether the family will contribute equally or whether some expenses will be shared differently. It would be useful to agree on this before the trip so there are no misunderstandings. Travel insurance should be purchased for the entire trip rather than only the cruise. The policy should be checked carefully to understand what it covers, including medical expenses, cancellation, delays, lost luggage, and cruise-related issues. Everyone should have access to their insurance details and emergency contact information. Before leaving the UK, everyone should check their passport. Passports need to meet the relevant entry requirements for the countries visited, and everyone should make sure their personal details match the bookings. We should also check any visa or travel authorisation requirements that apply to British or other passport holders in the group. Copies of important documents should be stored securely online as well as being available offline."
6,47,"A shared packing checklist should be created several weeks before departure. Important items will include passports, travel documents, phones, chargers, medication, comfortable shoes, swimwear, sun protection, appropriate clothing for the cruise, formal or smart clothing if required for dinner, and any birthday decorations that we decide to bring from home. We should avoid packing too much because there will be opportunities to shop in Orlando and potentially at the cruise destinations. The final two weeks before the trip should be used for confirmation rather than major planning. Flights, hotels, cruise bookings, excursions, restaurant reservations, theme park tickets, and transport should all be checked. We should confirm the times and locations of any excursions and make sure everyone knows when they need to be ready. A final family meeting could take place shortly before departure. During the meeting, we can review the full itinerary, confirm who is responsible for each booking, discuss the birthday surprise, and make sure everyone understands the plan. We should also agree on what to do if someone gets separated from the group or if a planned activity is cancelled."
7,47,"The final itinerary should contain a day-by-day schedule with flights, accommodation, Orlando activities, transport, cruise information, port stops, excursions, birthday plans, and important contact information. However, it should not be so rigid that there is no room for spontaneous activities. The trip is ultimately a family celebration, so there should be plenty of time to relax, take photographs, enjoy meals together, and celebrate Mum's 60th birthday."
8,48,"The cruise is the central part of the birthday holiday and will provide the main setting for the family celebration. After spending several days in Orlando, we will travel to the cruise port and board the ship. Before leaving Orlando, everyone should make sure they have their cruise documents, passports, medication if required, luggage, and any other important items. We should check the cruise company's boarding instructions carefully because there will be a specific arrival window and security process. Once on board, everyone should take some time to explore the ship. The ship will probably have several restaurants, swimming pools, lounges, entertainment venues, shops, fitness facilities, and other activities. It would be useful to identify the main areas on the first day so that everyone knows where things are. We should also check the daily activity schedule because there may be events that require advance booking. Some activities will probably be included in the cruise fare, while others may have an additional cost."
9,48,"Food will be one of the major parts of the cruise experience. There may be a main dining room, buffet, casual restaurants, speciality restaurants, cafes, and room service. We should check which options are included and which cost extra. Since this is a family birthday trip, it would be nice to have at least one special dinner where everyone sits together. We could choose one of the speciality restaurants if the cost is reasonable, or use the main dining room if we want a more traditional cruise experience. Mum's 60th birthday should receive particular attention. We want to make the day feel different from the other days of the cruise. The first step is finding out whether the cruise company offers birthday packages. These could potentially include a cake, decorations, a special message, flowers, or a celebration arranged by the dining staff. We should contact the cruise company before travelling rather than assuming these services can be organised on the day. A birthday dinner would probably be the main event. We could arrange for everyone to sit together, order a special meal, and have a birthday cake brought out at the end. It may also be possible to arrange decorations at the table or in Mum's cabin. Another idea is to organise a small surprise where the rest of the family knows the plan but Mum does not. We should be careful not to create an unnecessarily complicated surprise because the cruise schedule may change."
10,48,"Photography should also be an important part of the celebration. We should take family photographs throughout the cruise rather than relying entirely on one birthday photo. The ship is likely to have several scenic locations that would make good backgrounds, particularly in the evening. We could also arrange one more formal family photograph on the birthday itself. If the cruise company offers professional photography, we can consider whether the packages represent good value. There should also be time for everyone to enjoy the cruise independently. Some family members may want to spend time around the swimming pool, while others might prefer the gym, live entertainment, bars, games, or other activities. It would be unrealistic to expect everyone to do everything together for the entire trip. We should identify a few activities that everyone wants to experience together and allow people to choose their own activities at other times. The evenings could be used for entertainment. The ship may have live music, comedy, theatre shows, dancing, quizzes, and other performances. We should look at the daily schedule each morning and decide whether there are any shows that the whole family wants to attend. Some shows may require reservations, so these should be booked early. If Mum enjoys dancing or live music, one evening could be dedicated to going to one of the ship's entertainment venues together."
11,48,"The cruise stops in Mexico and the Bahamas will provide opportunities to leave the ship and explore the destinations. We need to keep track of the times when the ship is scheduled to arrive and depart. The ship will not wait for passengers who are late returning from an independent excursion, so we should always allow a substantial amount of extra time. For organised cruise excursions, the cruise company should provide instructions about when and where to meet. We should also keep an eye on the weather. Weather could affect swimming, outdoor activities, and excursions. If the weather is poor, there should still be plenty to do on the ship, including restaurants, shows, indoor activities, and family games. The itinerary should therefore avoid relying too heavily on one particular activity. The final evening of the cruise could be another opportunity for a family dinner and reflection on the trip. We could look through photographs taken during the holiday and choose some of the best ones to share with the family. Before leaving the ship, everyone should check their cabins carefully and make sure passports, phones, wallets, and other valuables are packed. Luggage arrangements should also be checked because cruise ships often require bags to be left outside the cabin before disembarkation."
12,48,"Overall, the cruise should combine relaxation, entertainment, family time, and the birthday celebration. The most important part is ensuring that Mum feels that the entire holiday has been organised around celebrating her 60th birthday while still allowing everyone else to enjoy the experience."
13,49,"The cruise stops in Mexico and the Bahamas are an important part of the trip because they give the family opportunities to experience places outside the cruise ship. We want each destination to feel different and would prefer to have a rough plan before travelling. At the same time, we do not want every hour to be scheduled because part of the appeal of a cruise is being able to relax and decide what to do once we arrive. The Mexico stop should focus more on sightseeing, culture, food, and experiencing the local area. The exact activities will depend on which Mexican port the cruise visits. One option would be to book an organised excursion through the cruise company. This could involve visiting historical sites, exploring the town, taking a guided tour, or visiting a beach resort. An organised excursion would make transport easier and would reduce the risk of having problems getting back to the ship before departure. Another possibility in Mexico would be arranging an independent excursion. This could give us more flexibility and potentially cost less than a cruise-organised tour. However, we would need to research the transport carefully and make sure the excursion does not take us too far from the port. We should also check the cancellation policy in case the ship arrives late or weather affects the excursion."
14,49,"Food is another priority in Mexico. We would like to try authentic Mexican food rather than spending the entire day eating at tourist restaurants. We could research a few well-reviewed restaurants near the port and identify some dishes that the family would like to try. We should take into account dietary requirements and make sure that everyone knows what ingredients are likely to be included in unfamiliar dishes. The family should also decide whether they want to spend part of the Mexico day at the beach. A beach could provide an opportunity to relax after several busy days in Orlando and on the ship. However, if we choose a beach excursion, we need to consider transport, changing facilities, food, sun protection, and how long it takes to get back to the ship. We should avoid booking a beach that is so far from the port that there is a significant risk of missing departure. The Bahamas stop should probably be more relaxed. One of the main ideas is to spend time at a beautiful beach, swim, and enjoy the warm weather. Some people may want to snorkel or participate in another water activity. Others may simply want to sit on the beach, have lunch, and take photographs. We should not make everyone participate in the same activity, particularly if some family members are not comfortable with swimming or water sports."
15,49,"Shopping could also be included in the Bahamas itinerary. Depending on the port, there may be markets and shops selling souvenirs, clothing, jewellery, food, and other items. We should decide in advance whether shopping is a major priority or simply something we will do if there is time. It would be sensible to leave enough room in the budget for souvenirs because family members may want to buy gifts. We should compare cruise-organised excursions with independent excursions before making a decision. Cruise excursions are often more expensive, but they may provide more structured transport and reassurance about returning to the ship. Independent excursions can provide greater flexibility, but the responsibility for getting back to the ship falls on us. The decision should therefore consider not only price but also the length of the excursion, distance from the port, cancellation policies, and the needs of the family. Safety and comfort should be considered for every excursion. Everyone should carry the essentials but avoid taking unnecessary valuables ashore. We should have a meeting point near the port in case members of the group become separated. Everyone should also know the ship's name and departure time. It would be useful for everyone to have a copy or screenshot of the day's schedule."
16,49,"Weather could significantly affect both destinations. If heavy rain or storms are expected, outdoor excursions may need to be cancelled or replaced. We should avoid paying for non-refundable activities too far in advance unless the cancellation terms are reasonable. If a beach day is cancelled, the family can spend more time on the ship or choose a shorter indoor activity near the port. For each port, we should create a simple plan containing the arrival time, all-aboard time, main activity, meeting point, transport arrangements, expected cost, and backup activity. This will make it easier for everyone to understand what is happening without requiring one person to organise everything on the day. The overall aim is for the Mexico and Bahamas stops to complement the cruise rather than becoming stressful. Mexico can provide more opportunities for culture, food, and sightseeing, while the Bahamas can focus more on beaches and relaxation. Both destinations should give us plenty of opportunities to take photographs and create memories for Mum's birthday trip."
17,50,"For her 60th birthday, she would love something thoughtful that feels a little special. She likes nice things such as perfume, jewellery, handbags, shoes, clothes and skincare, especially if they are good quality and something she probably wouldn’t buy for herself. Personal gifts would also mean a lot, such as a nice photo album, something personalised, or a gift that reminds her of her family and the memories they have shared. She would also really enjoy being treated to something rather than just receiving a physical gift. A nice meal, afternoon tea, spa day, hotel stay or a short trip would all be lovely. She also enjoys Nigerian food and things that connect to her culture, so traditional clothing, food or something with a personal connection to her Nigerian heritage could be a great choice. Overall, the main thing is that it feels thoughtful and shows that some effort has gone into making her 60th birthday memorable."
18,51,"We plan to spend approximately three or four days in Orlando before boarding the cruise. The exact number of days will depend on flight prices, the cruise departure time, and how much time we want to spend at the theme parks. The main purpose of the Orlando section is to experience some of the city's famous attractions while still allowing everyone enough time to recover from the international flight. We do not want the first day to be overloaded with activities because everyone may be tired after travelling from the UK. On arrival in Orlando, the first priority will be getting from the airport to the hotel. We need to compare the cost and convenience of a rental car, hotel shuttle, taxi, and ride-sharing services. If we rent a car, we need to consider parking costs at the hotel and theme parks as well as fuel and insurance. If we do not rent a car, we should check how easy it will be to get to the different attractions from our hotel. Ideally, the hotel should be reasonably central for the activities we plan to do and should have good transport options."
19,51,"The first evening should be relatively relaxed. After checking into the hotel, we could have dinner somewhere nearby and spend some time walking around the area or simply relaxing at the hotel. If everyone has enough energy, we could visit a shopping or entertainment area, but this should remain optional. We should avoid staying up too late because the next few days are likely to involve long periods at the theme parks. The first evening would also be a good opportunity to make sure everyone has their tickets, reservations, and transport arrangements ready. One of the main priorities is visiting Walt Disney World. We need to decide which park we want to visit because there are several different Disney parks and it may not be realistic to visit all of them in one day. Magic Kingdom would provide the most traditional Disney experience, with the castle, classic attractions, and many of the characters and experiences people associate with Disney. EPCOT could be another option for the group because it combines rides with different international areas, restaurants, and cultural experiences. Hollywood Studios and Animal Kingdom are also possibilities, but trying to visit too many parks could make the day exhausting."
20,51,"If we visit Disney, we should decide in advance which attractions are priorities. It would be useful to make a short list of must-do rides and experiences rather than attempting to see everything. We should also plan where we want to eat because popular restaurants can require reservations. The group should arrange a meeting point in case people become separated, particularly because theme parks are large and busy. Everyone should carry their phone, but it would still be sensible to establish a clear meeting location and time. The second major theme park day could be spent at Universal Orlando. Universal is particularly appealing to family members who enjoy rides and film-related attractions. We should look at the different areas of the park and decide whether we need a single-park or multi-park ticket. If the Harry Potter attractions are a priority, we need to consider whether a ticket allowing access to the relevant areas is necessary. We should also check whether an express pass is worthwhile based on expected crowds and the rides we want to experience."
21,51,"We should not schedule every minute of the Universal day. Theme parks can become tiring, especially when the weather is hot. The group should take breaks for food and drinks and make sure everyone is comfortable. Mum's birthday is the reason for the trip, so we should make sure the theme park schedule is enjoyable for her rather than focusing entirely on the biggest rides. If some people want to spend several hours on more intense rides, other members of the family could have a more relaxed activity planned at the same time. Shopping is another possible Orlando activity. There are several large outlet shopping centres where the group could spend a few hours looking for clothes, shoes, gifts, and other items. Shopping should probably be scheduled for an afternoon or evening rather than replacing one of the major attractions. We should also remember that anything bought in Orlando will need to fit into our luggage for the remainder of the trip, particularly because we will have to transport our bags to the cruise. Food will be an important part of the Orlando experience. We should try a mixture of American restaurants and local or international food rather than eating at the theme parks for every meal. One evening could be used for a nicer family dinner to begin the birthday celebrations. We should research restaurants in advance if we want a particular location or type of food because popular restaurants can become busy."
22,51,"At the end of the Orlando stay, we need to travel to the cruise port. The exact port and departure time will determine when we need to leave the hotel. We should build in plenty of extra time because traffic around Orlando and the cruise port could cause delays. If we have rented a car, we need to arrange its return before boarding the ship. If we use a transfer service, the booking should be confirmed a few days beforehand. We should also make sure that all luggage is labelled correctly and that everyone has their cruise documents easily accessible. The Orlando itinerary should therefore balance major attractions with rest. A possible structure would be arrival and relaxation on the first day, Disney on the second day, Universal on the third day, and shopping or a relaxed activity before travelling to the cruise port. However, this should remain flexible depending on flight times, ticket prices, weather, and how everyone feels. The goal is to arrive at the cruise feeling excited rather than exhausted."
23,52,"The main plan is to celebrate Mum’s 60th birthday with a special family holiday combining a few days in Orlando with a Caribbean cruise. The idea is to make the entire trip feel like one large birthday celebration rather than treating the cruise and Orlando as two completely separate holidays. We will fly from the UK to Orlando, spend several days exploring the city and visiting some of the major tourist attractions, and then travel to the cruise port to board the ship. After boarding, we will spend several days enjoying the facilities on the cruise ship and visiting different destinations in Mexico and the Bahamas. Once the cruise is finished, we will return to Orlando or travel directly to the airport depending on the cruise schedule and our flight arrangements."
24,52,"The Orlando portion of the holiday will probably last around three or four days. We want to visit some of the biggest attractions without making the schedule so busy that everyone becomes exhausted before the cruise starts. Walt Disney World is one of the main priorities because Mum has always wanted to experience the Disney parks as part of a family trip. We also want to visit Universal Orlando, particularly because some members of the family are interested in the rides and attractions. We should leave at least one evening relatively free so that everyone can have dinner together and relax. Shopping may also be included, particularly if there are outlet malls close to our hotel. We need to decide whether renting a car is worthwhile or whether using taxis and ride-sharing services will be easier for a group of people."
25,52,"The cruise will be the centrepiece of the holiday. We want to spend plenty of time enjoying the ship rather than treating it simply as transportation between destinations. There should be several restaurants, swimming pools, entertainment venues, bars, live shows, and organised activities available. Some family members may want to spend time by the pool, while others may prefer to attend shows, use the gym, explore the ship, or participate in organised activities. We should look at the cruise schedule before travelling and identify activities that need to be booked in advance. It would also be useful to identify restaurants or experiences that have additional charges so that we can decide what is worth paying for. Mum's 60th birthday needs to be the main focus of the trip. We want to arrange at least one proper birthday celebration, ideally on the cruise because the ship will provide a memorable setting. A special dinner with the whole family would be one possibility, followed by a birthday cake and drinks. We could also arrange decorations in the cabin or dining area and organise a surprise if the cruise company offers a birthday package. Another possibility would be to arrange a special excursion on or around her birthday, depending on where the ship is located that day. We should find out the exact birthday date in relation to the cruise itinerary before making any reservations."
26,52,"The cruise will stop at destinations in Mexico and the Bahamas. We want to have a different type of experience at each destination instead of simply visiting the same type of beach every time. In Mexico, we are interested in local culture, food, sightseeing, and possibly a guided excursion. In the Bahamas, the preference is for a more relaxed beach-focused day, although people may also want to snorkel, swim, shop, or explore the local area. We need to check the exact port times before booking anything because cruise ships have strict departure times. If we book an independent excursion, we need to make sure there is plenty of time to return to the ship. There are a large number of practical details that need to be organised before the holiday. Flights need to be booked, accommodation in Orlando needs to be confirmed, and transport from the airport to the hotel and then from Orlando to the cruise port needs to be arranged. We also need to confirm the cruise booking, check passport requirements, purchase appropriate travel insurance, and make sure everyone has access to the booking information. It would be useful to create a shared itinerary containing flights, hotel information, cruise details, excursions, restaurant bookings, and important telephone numbers."
27,52,"The budget should be agreed before we start booking optional activities. The main expenses will include flights, Orlando accommodation, theme park tickets, transport, the cruise itself, food and drinks outside what is included in the cruise fare, excursions, shopping, travel insurance, and spending money. Mum's birthday celebration should have its own budget so that we can decide how much to spend on dinner, cake, decorations, and a present. Everyone should understand which costs are shared and which costs are personal. We should also keep some emergency money available in case transport costs more than expected or plans have to change. The trip should be enjoyable for everyone, so the itinerary should not be completely packed. We should have a mixture of planned activities and free time. The most important things are spending time together, celebrating Mum's birthday, experiencing Orlando, enjoying the cruise, and making good memories as a family. Before the trip, we should hold a final planning meeting where everyone can review the itinerary, confirm their bookings, discuss what they want to do at each destination, and raise any concerns. A shared digital document or group chat could be used to keep everyone updated. The final itinerary should include all confirmed bookings as well as alternative options in case weather, transport problems, or other circumstances cause plans to change."
